PersonC;05418580;2021-11-13;9;10;11:00;13:00;3
PersonE;45468172;2021-11-13;9;10;13:00;15:00;5
PersonL;25367505;2021-11-13;10;10;19:00;21:00;12
PersonB;63208931;2021-11-13;10;10;09:00;11:00;2
PersonF;62112753;2021-11-13;10;10;13:00;15:00;6
PersonJ;69462702;2021-11-13;10;10;17:00;19:00;10
PersonI;07541172;2021-11-13;9;10;17:00;19:00;9
PersonH;91065399;2021-11-13;10;10;15:00;17:00;8
PersonM;76602067;2021-11-13;9;10;21:00;22:00;13
PersonA;22831092;2021-11-13;9;10;09:00;11:00;1
PersonK;38832175;2021-11-13;9;10;19:00;21:00;11
PersonN;23492527;2021-11-13;10;10;21:00;22:00;14
PersonG;79940433;2021-11-13;9;10;15:00;17:00;7
PersonD;96999285;2021-11-13;10;10;11:00;13:00;4
